arm	phase	status	iterations	upstream_attempts	estimated_usd	development_certified_of_16	new_vs_seed	candidate_sha256	confirmation_certified_of_8	notes
catalog	frozen_development	COMPLETE_OFFLINE	0	0	0	12			6	Fixed 48-source direct baseline; trusted evaluator reconstructs profiles; sealed confirmation control
seed	frozen_development	COMPLETE_OFFLINE	0	0	0	14	0	c27df808a5d2265c7e9befa3ae6eb2f0ec98811b3fe0126cf4dab85afc346eb3	6	Original source finalist; no confirmation addition over catalog
allcuts-control	posthoc_development_control	COMPLETE_OFFLINE	0	0	0	15	1	3fcc0f0d23ced3f0202454d3f44c419819e0fa3e8621a82a75bae2b2ab9df884	6	Deterministic all-cuts independently closes development k6; added after live prompts began; no confirmation gain; not optimizer credit
evox	live	PARTIAL_TIMEOUT_NO_GAIN	0	4	0.3371082	14	0	c27df808a5d2265c7e9befa3ae6eb2f0ec98811b3fe0126cf4dab85afc346eb3		Two trusted eval requests/32 successful case replays; request 4 timed out and charged full reservation; later iterations got broker 429; runner COMPLETE is not full optimization
gepa-high	live	INCOMPLETE_TIMEOUT_NO_PROPOSAL	0	1	0.2575012	14	0	c27df808a5d2265c7e9befa3ae6eb2f0ec98811b3fe0126cf4dab85afc346eb3		High reasoning call timed out at 600s and charged full reservation; 29 evaluator requests/44 successful case replays; no valid proposer output; runner COMPLETE is mechanical
gepa-low	live	COMPLETE_NO_GAIN_INVALID_PROPOSALS	3	3	0.3412772	14	0	c27df808a5d2265c7e9befa3ae6eb2f0ec98811b3fe0126cf4dab85afc346eb3		Three Grok responses yielded invalid/mixed-output candidates; final trusted best seed; 35 evaluator requests/46 successful case replays/4 failures; candidate hashes 4fc49ae8,2bb8dfc1,077f0
adaevolve-low	live	PARTIAL_TIMEOUT_NO_GAIN	2	3	0.4665826	14	0	c27df808a5d2265c7e9befa3ae6eb2f0ec98811b3fe0126cf4dab85afc346eb3		Two settled proposals: a5712e6b tied seed valid on16; c2a5cae6 failed all16; third request timeout full reservation $0.2752486; 4 evaluator requests/48 successes/16 failures
evox-low-allcuts	blocked_staging	REJECTED_BEFORE_UPSTREAM	0	0	0			3fcc0f0d23ced3f0202454d3f44c419819e0fa3e8621a82a75bae2b2ab9df884		Auto-review rejected newly derived all-cuts/v3 outbound payload outside prior approval; zero model calls
evox-low-approved	live	COMPLETE_NO_GAIN	2	7	0.4996728	14	0	c27df808a5d2265c7e9befa3ae6eb2f0ec98811b3fe0126cf4dab85afc346eb3		Final narrow approved arm: two probes plus five native calls; generated aa416e9 valid tie14/16; iteration2 no valid diffs; 3 evaluator requests/48 successful case replays; no adopted strategy rewrite; no all-cuts/v3 outbound
adaevolve-valid-tie	frozen_finalist	COMPLETE_CONFIRMATION	0	0	0	14	0	a5712e6b25e33572167d2a36d9a11ae3e048cbce4d184077dca216a7da2af129	6	Official AdaEvolve generated candidate; valid tie on development; no confirmation addition over catalog
evox-valid-tie	frozen_finalist	COMPLETE_CONFIRMATION	0	0	0	14	0	aa416e9ce56a620b9670276ffe498c3d653c583aff9edc22e748a2dc95611dc2	6	Official EvoX generated candidate; valid tie on development; no confirmation addition over catalog
