run	route	hypothesis	engine	model	proposals	usd	wall	verify_before	verify_after	finding	decision
runs/lifting-check-260922-234448 (forward-*, targeted-*)	B	B1: r=3 failing vectors form one family with growing overrun	lift_forward + lift_targeted (independent forward search)	-	0	0	~20 min background	2.0625	2.0625	(12,9,3) failure confirmed by a second engine; failing vectors F1_7 +4, F2_8 +1, F1_9 +2 (shape alternates, overrun not growing); (13,10,3): F1 A=71=T tight, F2 68, targeted k=2 check of 529 vectors finds none over budget	keep (finding; stop-and-ask trigger)
runs/lifting-check-260922-234448 (sweep-*)	B	B2: needed projection excess over P is bounded	lift_sweep (layer DP, q window P-3..P+5)	-	0	0	~17 min background (24 graphs)	2.0625	2.0625	q=P+1 brings all vectors within P+m-2 on every computed graph whose radius <= budget (r=2: +0; r=3 m=7..9: +1; r=4 m=6,7: +1; others <= 0); A=d everywhere needs up to P+3	keep (finding)
runs/s02-a1-{edit-adaevolve,edit-sequential,exploit-sequential}-260923-003924	A	A1: edit-only mutation (<=2 rule edits, capped exploration) beats free rewrites at equal budget	adaevolve(edit, explore_max 0.3) | sequential(edit) | sequential(exploit)	grok-4.20-0309-non-reasoning	40+40+40	0.294+0.205+0.372	232s+180s+313s (parallel)	2.0625	2.0625	not supported (1 seed): edit arms 0 improvements (edit-seq 20/40 duplicates, best = lead); exploit control 1 improvement, lead f0c3486445fb14ac train score -154.74 -> -153.00 (gap_mean -3 on m>=8), value_max unchanged so ratio flat	keep configs + promoted lead (secondary metric); edit mode stays default-off
runs/s02-a3-exploit-sequential-words-260923-004830	A	A3: showing the controller word next to an optimal word (worst m>=8 probe) improves refinement	sequential(exploit), feedback_words on; else identical to A1 control	grok-4.20-0309-non-reasoning	40	0.286	199s	2.0625	2.0625	not supported (1 seed): 0 improvements; 16/40 replies cite the uphill trace but 25/40 break sanity graphs (sound 6 vs 20 in the control), median score -1768 vs -223; fewer syntax repairs (first-try valid 28 vs 16)	keep config as record; feedback_words stays default-off
runs/s02-c1-grok47-potential-260923-004830	C	C1: a reasoning model proposes a potential with zero local-descent failures on the sanity graphs, starting from the naive seed	sequential(exploit), kinds potential, no insights	grok-4.7 (reasoning low)	4 requested, 3 made (4th refused by the $1.60 pre-check), 3 valid	1.136	1100s	2.0625	2.0625	milestone not reached: best potential 93546e543768c29f (cw(m) clock + n*cinv + pos1 + cdes + zero-block term) has 2742 non-descending states on the 5 sanity graphs vs 4863 for the seed (m6r2 3327 -> 1659); the other two have 3182 and 2633 but larger values; each reply argues descent for some move cases only	keep config as record; Route C needs failure-state analysis before another paid round
runs/grok47-rules-sequential-260923-003924	A	A2: a reasoning model (grok-4.7, low effort) refining the lead finds shorter words where grok-4.20 plateaued	sequential(exploit), kinds rules, insights prompts/insights.md	grok-4.7 (reasoning low)	8 requested, 7 made (8th refused by the $3.00 pre-check), 7 valid	2.250	2060s	2.0625	1.8333	supported (1 seed): 6 of 7 proposals beat their parent's score, 1 broke the sanity graphs; chain lead -> 68d1e8c489f14f2c (seek-merged, -134.09) -> 4189a604963f7a9e (early-X finish, -116.11); m>=8 train value_max 84/99/104 -> 71/88/93 (m8r2/m8r3/m9r2), every train graph shorter, 0 failures; the model's 'never longer' claims are not checked state by state	keep; promoted 4189a604963f7a9e (Verify 2.0625 -> 1.8333)
runs/lifting-check-260922-234448 (targeted-m9r4-k2)	B	B1 follow-up: the q = P lifting statement also fails near the far layers of (13,9,4)	lift_targeted k=2 (lift_forward.forward_h per pair, check_vector on flagged)	-	0	0	2272s background (1.6 GB peak)	1.8333	1.8333	not supported: P = 59, budget 66; all 3913 pairs COMPLETE; none of the 2945 covered vectors over budget; 62 flagged (some H_P up to 74) all rescued by another deletion, exact A_P 60..66 (two tight), 248 witnesses replayed; rest of (13,9,4) unchecked	keep (finding; appended to research/claims.md)
runs/s03-seq-260923-090831-68a571	A	S3-seq control: async sequential refinement of lead 4189a604963f7a9e with the last 4 attempts in each prompt	sequential, async (4 in flight), history 4	grok-4.7 (reasoning low)	12 made, 12 valid	2.527	1903s	1.8333	1.75	6 of 12 beat the current best; best 5edb692e27f21b59 at -94.44, m>=8 train value_max 65/84/85 (m8r2/m8r3/m9r2) vs 71/88/93; 0 failures	keep as the control arm
runs/s03-gepa-260923-090833-63dcab	A	S3-gepa: GEPA P x N (2 parents x 2 children), a distinct focus graph per child, merge only after a new best, reflector tactics on stagnation, history 4	gepa, async, gepa_n 2, focus, max_merges 3, tactics (stagnation 4), history 4	grok-4.7 (reasoning low); reflector grok-4.7 (unused)	12 requested, 11 made (12th refused: request limit 16 reached, repair turns count), 11 valid	3.008	2042s	1.8333	1.6346	6 of 11 kept; best 26b3e8cd4c1d2934 -86.69, value_max 65/75/85; the child focused on m9r2 cut m9r2 93->85, the child focused on m8r3 cut m8r3 84->75; one merge after a new best (kept, +0.03); never 4 proposals without gain, so no tactics; held-out: 0 failures and shorter on all 6 graphs (m16r4 283->261)	keep; promoted 26b3e8cd4c1d2934 (Verify 1.8333 -> 1.6346)
runs/s03-ada-260923-090835-cf1d69	A	S3-ada: AdaEvolve paper formulas (I in [0.1, 0.7], decayed UCB, C = sqrt 2), 2 islands, reflector tactics, 2 inspirations, history 4	adaevolve, async, 2 islands, tactics (stagnation 4), inspirations 2, history 4	grok-4.7 (reasoning low); reflector grok-4.7	12 made, 12 valid, 11 sound	1.424+0.033	967s	1.8333	1.8333	2 of 12 kept, best -114.40, value_max unchanged (71/88/93); with G = 0 the intensity starts at I_max = 0.7, so 9 of 12 were explore rewrites (8 worse, 1 broke sanity); the only kept explore carried reflector tactic 0 (-114.98), one exploit gave -114.40	not supported at 12 proposals; the paper's exploration schedule needs a larger budget or a lower I_max here
runs/s03-evox-260923-090837-aa73cb	A	S3-evox: EvoX strategy evolution from a sequential start (history 4), windows of 4, reflector writes a new JSON strategy after a window without gain	evox, async, window 4	grok-4.7 (reasoning low); reflector grok-4.7 (unused)	12 made, 11 valid (1 reply without usage data; the ledger charged its full reservation)	2.984	2224s	1.8333	1.7292	3 kept; best 7c4744dbc6b297b3 -93.49, value_max 65/83/85; all 3 windows improved (J = 0.0019, 0.0936, 0.0018), so no strategy change was requested and the arm ran its start strategy (the S3-seq setup) throughout; S3-seq vs S3-evox (1.75 vs 1.7292) is a same-setup noise estimate	EvoX meta-level not exercised; keep code
runs/s03-med-260923-090841-42bc61	A	S3-med: the S3-seq setup with reasoning_effort medium	sequential, async, history 4	grok-4.7 (reasoning medium, cap 120k)	4 made, 4 valid	3.277	2402s	1.8333	1.6458	2 of 4 kept; best 8553c36ba21f2d64 -92.71, value_max 65/79/84; medium effort accepted; $0.43-0.98 and 976-2332 s per call (reasoning 70k-161k tokens, above the 120k cap: reasoning is not streamed, so the cap only sizes the reservation) vs about $0.21 and 350 s at low effort	keep as record; per proposal the strongest arm, per dollar similar to S3-gepa
runs/s03-pot-260923-090839-8b5992	C	S3-pot: potentials from the best C1 potential with GEPA P x N, focus, reflector tactics and the new descent feedback (failure classes, neighbour phi and d)	gepa, async, gepa_n 2, focus, tactics, history 4, kinds potential	grok-4.7 (reasoning low); reflector grok-4.7	10 made, 9 valid (1 reply without usage data)	3.990+0.066	2951s	1.8333	1.8333	no candidate beats the seed's score (-1134.05); fewest failures: candidate 10 with 1363 non-descending sanity states vs 2742 for the seed (m6r2 1659 -> 824) but larger values (n^2 terms), so the score ranks it lower; one reflection returned parsed JSON tactics, tactic 0 tried once (worse)	Route C: select potentials by failure count before another paid round
runs/s03r2-seq-260923-101851-6c5af4	A	S3r2-seq control: async sequential refinement of lead 26b3e8cd4c1d2934, history 4	sequential, async (4 in flight), history 4	grok-4.7 (reasoning low)	12 made, 12 valid	2.121	1362s	1.6346	1.5625	3 of 12 kept; best c01093d94ab5aaab -78.34, value_max 65/75/76 (m8r2/m8r3/m9r2) vs 65/75/85; general cut: skip an L that rule 7 immediately undoes with R on a finished junction (same circular result two moves sooner); m8r3 (75/48) is now the binding graph; held-out: 0 failures, same values as the parent on the 6 held-out-only graphs	keep; promoted c01093d94ab5aaab (Verify 1.6346 -> 1.5625)
runs/s03r2-gepa-260923-101847-62abeb	A	S3r2-gepa: the round 1 winner config (GEPA P x N, focus, merge after new best, tactics) from lead 26b3e8cd4c1d2934	gepa, async, gepa_n 2, focus, max_merges 3, tactics (stagnation 4), history 4	grok-4.7 (reasoning low); reflector grok-4.7	12 made, 9 valid	2.139+0.031	885s	1.6346	1.5625	1 kept: 870bfcce479f5936 -80.32, value_max 65/75/78 (m9r2-focused child, a start special case for the m9r2 worst probe); 1 merge (worse); one tactics reflection, tactics tried, none kept	keep as record; the winner config did not repeat its round 1 margin
runs/s03r2-gepamed-260923-101849-8eb026	A	S3r2-gepamed: GEPA P x N with focus at reasoning_effort medium	gepa, async, batch 3, gepa_n 2, focus, max_merges 1, history 4	grok-4.7 (reasoning medium, cap 120k)	6 made, 4 valid	2.902	1812s	1.6346	1.5625	2 kept; best db2c9babf9dae984 -80.30, value_max 65/75/78; both kept children are start special cases (m9r2 worst start, then m8r3 worst start without lowering m8r3 max)	discard medium effort for focus runs: same result as low effort at 1.4x the cost
runs/s03r2-evox-260923-101853-3fa42d	A	S3r2-evox: EvoX from a front+focus start strategy, windows of 3, reflector rewrites the strategy after a window without gain	evox, async, window 3, start strategy front/exploit/focus/history 4	grok-4.7 (reasoning low); reflector grok-4.7	12 made, 11 valid	2.149+0.019	1185s	1.6346	1.5625	2 kept; best 515fa92d02ac1700 -80.30, value_max 65/75/78; window 1 J = 0.042, window 2 no gain -> the reflector wrote a new strategy (parent best, explore 0.55 / edit 0.3 / exploit 0.15, 2 random inspirations, history 2, tactic: stop adding one-vector start patches, try a potential or a general change); window 3 J = 0.0001; first run where the EvoX meta-level acted	keep code; strategy change produced no gain in 3 proposals
runs/s03r2-ada-260923-101855-200ed1	A	S3r2-ada: AdaEvolve with explore_max 0.3 (round 1 used 0.7)	adaevolve, async, 2 islands, tactics, inspirations 2, history 4, explore_max 0.3	grok-4.7 (reasoning low); reflector grok-4.7	12 made, 12 valid	1.797+0.034	1167s	1.6346	1.5625	2 kept; best bc9f3da298f2039c -80.26, value_max 65/75/78; still 7 of 12 explore rewrites (all worse, -128 to -1949); both kept candidates are exploits	exploration still does not pay at 12 proposals; fix I_max lower or drop explore for refinement
runs/s03r2-pot-260923-101857-4698e1	C	S3r2-pot: potentials from probes 93546e543768c29f and b7a6093bbecf0c3c with select by failing states (sanity pass, then fewer failing states, then score)	gepa, async, gepa_n 2, focus, tactics, history 4, select failures, kinds potential	grok-4.7 (reasoning low); reflector grok-4.7 (unused)	10 made, 8 valid	3.411	2283s	1.6346	1.6346	FIRST SOUND POTENTIAL: candidate 5 (4d12521045c2bca2, phi = n^2 S + k) and then a5bd55171a2e922c (phi = n e + k, e = S - m(m^2-1)/6, S = sum (m+1-t) * ((p_t - pos1) mod n), rot_dist when csorted) have 0 failures on all 11 train graphs; three independent children of candidate 5 returned the same a5bd55171a2e922c; exhaustive certify holds on m4r2, m5r2, m4r4, m5r3, m6r2, m6r4, m7r2, m7r3 (values far above T: max 984 vs T 38 on m7r3); its notes give a descent argument valid for all m, r	keep; tracked as candidates/probes/a5bd55171a2e922c.json; next: tighten phi
runs/s03r3-seq-260923-110948-91d7b9	A	S3r3-seq: sequential refinement of lead c01093d94ab5aaab, insights warn against one-state start patches	sequential, async (4 in flight), history 4	grok-4.7 (reasoning low)	12 made, 12 valid	2.381	1662s	1.5625	1.5625	2 kept; best 49ab346cb44b2f1b -76.34, value_max 63/75/76 (m8r2/m8r3/m9r2) vs 65/75/76: generalised the round 2 skip cut (advance r0 by 2 when k+1 is already attached) and pulls token 2 with XL/RX when token 1 is at the front (2d instead of 3d-1); m8r3 75/48 unchanged, so the ratio is unchanged; held-out: 0 failures, every value <= the parent's (m8r2 63, m16r4 257 vs 261)	keep as lead on train evidence (ratio equal, better train score, no train value_max worse); held-out reported for the human only; tracked as candidates/leads/49ab346cb44b2f1b.json
runs/s03r3-gepa-260923-110950-693707	A	S3r3-gepa: GEPA P x N with focus and tactics from lead c01093d94ab5aaab	gepa, async, gepa_n 2, focus, max_merges 3, tactics, history 4	grok-4.7 (reasoning low); reflector grok-4.7	12 made, 12 valid	3.114+0.062	1991s	1.5625	1.5625	2 kept; best 79cbdc4f9a665460 -78.10, value_max 65/75/76, score gain from mean terms only; held-out values identical to the parent on all 17 graphs	discard; no value_max moved
runs/s03r3-potg-260923-110952-a054e7	C	S3r3-potg: tighten sound potential a5bd55171a2e922c, GEPA focus, select failures, potential insights file	gepa, async, gepa_n 2, focus, tactics, history 4, select failures, kinds potential	grok-4.7 (reasoning low); reflector grok-4.7	10 made, 9 valid	2.205+0.076	2165s	33.06 (potential)	18.04 (potential)	1 kept: cfc1d8f434b17a37 -2303.06 (sound on all 11 train graphs); 3a96fef9ee9d9c6b (-1050) and c5136b76e33f096a (-1073) cut the multiplier to floor(n/2) and failed descent (12..866 failing states per graph), correctly discarded; one request hit the 1500s wall cap after the model looped on repeated text	keep as record
runs/s03r3-pots-260923-110954-ac3328	C	S3r3-pots: tighten sound potential a5bd55171a2e922c, sequential, select failures, potential insights file	sequential, async (4 in flight), history 4, select failures, kinds potential	grok-4.7 (reasoning low)	10 made, 6 valid	1.904	3014s	33.06 (potential)	5.29 (potential)	2 kept; best ba656bf2c7e03787 -592.20: phi = (floor(n/2)+1) * e + k, e = inversions of the token order read from token 1 + positional excess sum((p - pos1) mod n) - m(m-1)/2, k = shorter circular distance to the nearest improving cell; X at an improving cell lowers e by exactly 1; 0 failures on all 11 train graphs; value_max 212/254/266 (m8r2/m8r3/m9r2) vs 1123/1542/1719; exhaustive certify holds on 8 tables m4r2..m7r3; 4 invalid (3 wall-clock caps, 1 expression > 80 nodes)	keep; tracked as candidates/probes/ba656bf2c7e03787.json; the insights-file ideas (unit-drop quantity, shorter-direction k) were exactly what worked
runs/s03r4-seq-260923-131844-720e6e	A	S3r4-seq: lead 49ab346cb44b2f1b with insights that call local cuts exhausted and add the two-arc structure of short pure-LRX words (Antiufeev arXiv:2601.08715 plus external audit) and a two-ended insertion hypothesis	sequential, async (4 in flight), history 4	grok-4.7 (reasoning low)	12 made, 9 valid	2.642	3225s	1.5625	1.5625	1 kept: 5de4faf934ed0eec -76.23, a start special case (token 2 already at the front), value_max unchanged on every train graph; two proposals tried a two-sided order: 700cf979f0727ecd tied the parent (-76.34), 9dc283f92b751328 scored -1776; the others -82 to -1168; 3 invalid (request cap, 2 network timeouts during a connection loss)	discard; lead stays 49ab346cb44b2f1b; the two-arc hint did not produce a better rules controller in 9 proposals
runs/s03r4-pots-260923-131846-f0867b	C	S3r4-pots: potential ba656bf2c7e03787 with insights on one rotation per X (external pure-LRX analysis) and an amortised 2e + k + c*u shape	sequential, async (4 in flight), history 4, select failures, kinds potential	grok-4.7 (reasoning low)	10 made, 4 valid	1.934	3208s	5.29 (potential)	3.875 (potential)	1 kept: 5d536a0608217df6 -404.69, phi = 4e + k + 2u (u = tokens whose counterclockwise neighbour is a zero or a larger token), the suggested amortised shape; 0 failures on all 11 train graphs, value_max 158/186/196 (m8r2/m8r3/m9r2) vs 212/254/266; its argument needs n <= 11. Orchestrator generalisation 6ff08052bb698f26 (a = floor(n/4)+2, c = floor(n/4); descent needs a >= c+2 and a+c >= floor(n/2)+1) is valid for every n, equal for 8 <= n <= 11; exhaustive certify: 6ff08 holds on all 11 tables up to m8r4 (272 vs 54), 5d536 fails on m8r4 (227 states); 6 invalid (2 over 80 nodes, 1 usage missing, 1 spend cap, 2 network timeouts)	keep; tracked as candidates/probes/5d536a0608217df6.json and candidates/probes/6ff08052bb698f26.json; exhaustive certify in runs/potential-certify-6ff08-260923-1415/
autoresearch/loop-260923-1737	A	Matched ratio-first EvoX GEPA and sequential search, two campaign seeds	evox|gepa|sequential	grok-4.7	144 slots (139 requests started), plus 2 pilot	29.233227	main arms 63.9-99.2 minutes in parallel	1.5625	1.5625	train best 1.5000 GEPA; fresh confirmation all 7 controllers have identical maxima, 49000 replayed words and no failures; no promotion	keep search improvements and evidence
autoresearch/loop-260923-1737/lift-domain-benchmark.json	B	Decide lifting budget with first replayed witness and bounded negatives	forward decision	-	0	0	local benchmarks	1.5625	1.5625	100 small cases agree; 2.76x speedup; known positive m8r3/m9r3 cases about 2.4x/2.3x; no new lemma	keep optimization
autoresearch/loop-260923-1737/simplification-benchmark.json	A	Replace position scans by guarded direct lookups	deterministic JSON rewrite	-	0	0	4 ABBA evaluations	1.5625	1.5625	identical train metrics and all m4r2 words; evaluator mean 9.56s to 7.59s; no sorting-length gain	keep optimization
autoresearch/loop-260923-1737/salvage-results.json	A	Recover rejected edits without new model calls	guard correction	-	3 local reevaluations	0	local evaluation	1.5625	1.5625	3 train-sound recovered candidates, none beats finalists; reflector kind and ratio-focus contracts fixed; 301 tests pass	keep fixes and evidence
